la;x0;x1;x2;x3;x4;x5;x6
0575;0.970778;-0.141763;-0.288871;0.881055;-0.150553;0.259134;-0.134743
0575;0.000025;0.001519;0.001663;0.001726;0.000749;0.000747;0.000480
